研究コード,一覧表のC（原文）,機械の候補,確からしさ,確定値（none/usual_care/placebo/active_weaker/active_different）,確認者
2015,education specific,active_different,high,,
2018,wait-list Status,none,high,,
2018,"or waitlist PA,",none,high,,
2018,placebo 象,placebo,high,,
2020,educational outcome,active_different,high,,
"Adams S C et al., RCT","usual care fatigue,",usual_care,high,,
"Ahmed R L et al., RCT",waiting list 筋力（Upper,none,high,,
"Alibhai S M et al., RCT",wait list exercise,none,high,,
"Baruth M et al., RCT",wait list 有害事象,none,high,,
"Brown J C et al., RCT",wait-list body,none,high,,
"Burnham T R et al., RCT",usual care aerobic,usual_care,high,,
"Campbell K L et al., RCT",wait list 持久性体力，,none,high,,
Cantarero- RCT,usual care 筋力，有害事,usual_care,high,,
Cantarero- RCT,usual care 倦怠感，有害,usual_care,high,,
"Casla S et al., RCT",usual care 運動耐容能・,usual_care,high,,
Dieli-Conwright C M RCT,usual care 有害事象,usual_care,high,,
"Galvao D A et al., RCT",usual care fatigue，有害,usual_care,high,,
"Greenlee H A et al.,",the waitlist 持久性体力,none,high,,
"Lee M K et al., RCT",usual care physical,usual_care,high,,
"Nyrop K A et al., RCT","wait list walking,",none,high,,
"O'Neill L M et al., RCT",wait-listed QOL（SF-36）,none,high,,
"Pisu M et al., 2017 RCT",wait-list Functional,none,high,,
"Rogers L Q et al., RCT",usual care 有害事象,usual_care,high,,
"Rogers L Q et al., RCT",usual care 有害事象,usual_care,high,,
"Saxton J M et al., RCT",usual care depression,usual_care,high,,
"Strunk M A et al., RCT",usual care QOL，有害事,usual_care,high,,
"Sweeney F C et al., RCT","wait list VO2max,",none,high,,
"al., 2010",wait-list behavior,none,high,,
"al., 2019","educational activity,",active_different,high,,
"et al., 2012",placebo repetition,placebo,high,,
1998,control うつ（Beck）,none,low,,
2011,control Muscle,none,low,,
2013,"control arm, body",none,low,,
2013,control aerobic,none,low,,
2014,control feasibility,none,low,,
2015,control,none,low,,
2015,"control activity,",none,low,,
2016,"control activity,",none,low,,
2016,the control measures,none,low,,
2017,control symptoms,none,low,,
2017,"control QLQ-C30）,",none,low,,
2017,care control outcome,none,low,,
2018,control strength，有,none,low,,
2018,control 有害事象,none,low,,
2018,"control body composition,",none,low,,
"Brocki B C et al., RCT",control QoL（SF-36）,none,low,,
"Courneya K S et al., RCT",The control peak,none,low,,
"Fairey A S et al., RCT",The control Adverse,none,low,,
"Kinney A et al., RCT",control feasibility有,none,low,,
"Murtezani A et al., RCT","control QOL,",none,low,,
"O'Neill R F et al., RCT",control 体組成・,none,low,,
"Rogers L Q et al., RCT","control diet,",none,low,,
"Rogers L Q et al., RCT",The control 有害事象,none,low,,
"Scott E et al., 2013 RCT",control 持久性体力,none,low,,
"Winters-Stone et al., RCT",control 有害事象なし,none,low,,
"al.,2003",control satisfaction,none,low,,
"al.,2007",control group activity,none,low,,
"al.,2011","control cortisol,",none,low,,
"al.,2013",control,none,low,,
"al.,2013",Control （Multidimens,none,low,,
"al.,2015",control activity,none,low,,
"al.,2016",control Quadriceps,none,low,,
"al.,2017","control activity, dietary",none,low,,
"et al.,2018",control and,none,low,,
2002,capacity，有,,判定不能,,
2003,group did consumption,,判定不能,,
2005,group did events.,,判定不能,,
2005,muscular,,判定不能,,
2005,,,判定不能,,
2006,and,,判定不能,,
2006,cardiorespira,,判定不能,,
2007,"standard PA B）,",,判定不能,,
2007,Piper,,判定不能,,
2008,QOL,,判定不能,,
2008,or a Pain,,判定不能,,
2008,体力,,判定不能,,
2008,,,判定不能,,
2009,（Muscle,,判定不能,,
2009,for 12 SF-36,,判定不能,,
2009,menopausal,,判定不能,,
2009,,,判定不能,,
2010,"support metabolism,",,判定不能,,
2010,only,,判定不能,,
2010 control,,,判定不能,,
2010 or,group 36），筋力（1-,,判定不能,,
2011,害事象,,判定不能,,
2011,,,判定不能,,
2011,,,判定不能,,
2011,other activity psycosocial,,判定不能,,
2011,print dietary,,判定不能,,
2011,related,,判定不能,,
2011,"treatment T-F,",,判定不能,,
2011,"feasibility,",,判定不能,,
2012,exercise VO2max,,判定不能,,
2012,care,,判定不能,,
2012,psychosocial SF-36）,,判定不能,,
2012,as warm fltness,,判定不能,,
2012,group was （EORTC,,判定不能,,
2012,group was （figure-8,,判定不能,,
2012,health care floor,,判定不能,,
2012,"scales,",,判定不能,,
2012,"16 weeks activity,",,判定不能,,
2013,list competency:,,判定不能,,
2013,care group Modified,,判定不能,,
2013,of,,判定不能,,
2013,,,判定不能,,
2013,and,,判定不能,,
2013,continue,,判定不能,,
2014,,,判定不能,,
2014,事象,,判定不能,,
2014,,,判定不能,,
2014,（AEなし）,,判定不能,,
2014,"lifestyle survival,",,判定不能,,
2014,"on diet,",,判定不能,,
2014,physical,,判定不能,,
2014,For the 持久性体力,,判定不能,,
2014,activity with reported,,判定不能,,
2014,group was,,判定不能,,
2014,line- （QoL）,,判定不能,,
2015,fatigue・,,判定不能,,
2015,筋力・QOL，有,,判定不能,,
2015,blood,,判定不能,,
2015,"capacity,",,判定不能,,
2015,inflammatory,,判定不能,,
2015,,,判定不能,,
2015,the （MFSI-SF），,,判定不能,,
2015,randomized （VO2peak），,,判定不能,,
2015,and,,判定不能,,
2015,,,判定不能,,
2015 onally,"to B）,",,判定不能,,
2016,functional,,判定不能,,
2016,"exercise status,",,判定不能,,
2016,"strength,",,判定不能,,
2016,"cell,",,判定不能,,
2016,"rehabilitation fitness,",,判定不能,,
2016,"ric,",,判定不能,,
2016,,,判定不能,,
2016,,,判定不能,,
2016,B）,,判定不能,,
2016,% peak heart tory,,判定不能,,
2016,group（ 26 anthropomet,,判定不能,,
2016,"QOL,",,判定不能,,
2016,physical,,判定不能,,
2016,vitamin D,,判定不能,,
2017,,,判定不能,,
2017,象,,判定不能,,
2017,,,判定不能,,
2017,"fitness,",,判定不能,,
2017,aerobic,,判定不能,,
2017,"SFRP1,",,判定不能,,
2017,"anxiety,",,判定不能,,
2017,筋力,,判定不能,,
2017,the on vegetables,,判定不能,,
2017,program after their,,判定不能,,
2017,有害事象,,判定不能,,
2018,function,,判定不能,,
2018,耐容能・筋力,,判定不能,,
2018,"activity,",,判定不能,,
2018,QOL，有害事,,判定不能,,
2018,on intention physical,,判定不能,,
2018,"36,",,判定不能,,
2018,"for 12 下肢機能,",,判定不能,,
2018,sICAM-1,,判定不能,,
2018,depression,,判定不能,,
2018,or（ 3） tory,,判定不能,,
2018,,,判定不能,,
2018,waiting-list,,判定不能,,
2018,cognition,,判定不能,,
2018,atory,,判定不能,,
2018,activity,,判定不能,,
2018,"related fatigue,",,判定不能,,
2018 randomised,Controls 36（）FACT-,,判定不能,,
2019,,,判定不能,,
2019,"index,",,判定不能,,
2019,strength,,判定不能,,
2019,sedentary,,判定不能,,
2019,"training fitness,",,判定不能,,
Arroyo-Morales M et RCT,care fatigue,,判定不能,,
"Bourke L et al., RCT",standard Fatigue（FAC,,判定不能,,
"Broderick J M et al., RCT",The usual Fitnes（s,,判定不能,,
"Brown J C et al., RCT",standard 有害事象,,判定不能,,
"Brown J C et al., RCT",HRQoL（SF-,,判定不能,,
"Brown JC et al., RCT",有害事象,,判定不能,,
Cantarero- RCT,care 倦怠感・筋力,,判定不能,,
"Carter S J et al., RCT",Self-reported,,判定不能,,
"Crawford J J et al., RCT",care 持久性体力，,,判定不能,,
Culos-Reed S N et RCT,Allocated to 1.,,判定不能,,
"De Luca V et al., RCT","VO2max,",,判定不能,,
Dieli-Conwright CM RCT,有害事象,,判定不能,,
Dieli-Conwright CM RCT,care 有害事象,,判定不能,,
"Dolan L B et al., RCT",VO2peak,,判定不能,,
Galiano-Castillo N RCT,"QOL,",,判定不能,,
"Gaskin C J et al.,",Clinicians in 1.Outcome,,判定不能,,
"Gaskin C J et al., RCT",in QOL（EORTC,,判定不能,,
"Giallauria F et al., RCT",有害事象,,判定不能,,
"Goodwin PJ et al., RCT",mail-based The,,判定不能,,
"Irwin M L et al., RCT",to 有害事象,,判定不能,,
"Irwin M L et al., RCT",exercise 有害事象,,判定不能,,
"Johansson K et al., RCT",instructed to 有害事象,,判定不能,,
"Johnston M F et al., RCT",care cancer-,,判定不能,,
Kampshoff C S et RCT,list 有害事象,,判定不能,,
"Kenfield S A et al., RCT",care 有害事象,,判定不能,,
"Kim J Y et al., 2019 RCT","usual QOL,",,判定不能,,
"Kim S H et al., RCT",calcium and 有害事象,,判定不能,,
"Kim S H et al., RCT",an exercise 筋力，有害事,,判定不能,,
"LaStayo P C et al., RCT",usual-care 有害事象,,判定不能,,
"McNeil J et al., RCT",PA,,判定不能,,
"Milne H M et al., RCT",QOL，倦怠感，,,判定不能,,
"Musanti R et al., RCT",Aerobic,,判定不能,,
"Pinto B M et al., RCT",Contact submaximal,,判定不能,,
"Portela A L et al., RCT",身体機能・,,判定不能,,
"Rabin C et al., RCT",physical,,判定不能,,
"Rogers L Q et al., RCT",有害事象,,判定不能,,
"Sandel S L et al., RCT",to 有害事象,,判定不能,,
Scott C Adams et RCT,care 有害事象,,判定不能,,
"Vallance J K et al., RCT,",receiving a QOL（FACT-,,判定不能,,
Villanueva I et,fatigue,,判定不能,,
Villanueva I et,shoulder,,判定不能,,
"Villanueva I et al.,",事象,,判定不能,,
Villanueva Irene et,,,判定不能,,
"Villanueva Irene et al., 2016",象,,判定不能,,
"W et al.,2006",,,判定不能,,
"W et al.,2015",intensive,,判定不能,,
"Waltman N L et al., RCT",medication 有害事象,,判定不能,,
Winters-Stone K M RCT,a similar 有害事象,,判定不能,,
"Yang Zhou et al., RCT",QOL，倦怠感，,,判定不能,,
"Zhou Y et al., 2017 RCT",attention health-,,判定不能,,
"al., 2006",歩行テスト・,,判定不能,,
"al., 2008",continue （QOL）,,判定不能,,
"al., 2010",,,判定不能,,
"al., 2011",離・握力・,,判定不能,,
"al., 2012",（POMS），有,,判定不能,,
"al., 2013",,,判定不能,,
"al., 2013",,,判定不能,,
"al., 2015",,,判定不能,,
"al., 2016",,,判定不能,,
"al., 2017",動量・QOL,,判定不能,,
"al., 2018",tory muscle,,判定不能,,
"al., 2018",,,判定不能,,
"al.,2002",,,判定不能,,
"al.,2003",group did fasting,,判定不能,,
"al.,2003",ircumferen,,判定不能,,
"al.,2004",methods,,判定不能,,
"al.,2004","rate,",,判定不能,,
"al.,2004",conditioning physical,,判定不能,,
"al.,2004",reported,,判定不能,,
"al.,2005",circumferen,,判定不能,,
"al.,2007",,,判定不能,,
"al.,2007",tric,,判定不能,,
"al.,2008",arm3:waiting,,判定不能,,
"al.,2008",Activity,,判定不能,,
"al.,2008",insulin,,判定不能,,
"al.,2009",,,判定不能,,
"al.,2009",group blood,,判定不能,,
"al.,2009",,,判定不能,,
"al.,2011",運動の制限因,,判定不能,,
"al.,2011","QLQ-C30,",,判定不能,,
"al.,2012","pain,",,判定不能,,
"al.,2012",,,判定不能,,
"al.,2012",Physical,,判定不能,,
"al.,2012",,,判定不能,,
"al.,2012",try,,判定不能,,
"al.,2012",,,判定不能,,
"al.,2012",QOL,,判定不能,,
"al.,2013",outcomes,,判定不能,,
"al.,2013",satisfaction,,判定不能,,
"al.,2013","composition,",,判定不能,,
"al.,2013","composition,",,判定不能,,
"al.,2013",,,判定不能,,
"al.,2013",,,判定不能,,
"al.,2013",usual-care,,判定不能,,
"al.,2013","（IL）-6,",,判定不能,,
"al.,2014",,,判定不能,,
"al.,2014",,,判定不能,,
"al.,2014",Global,,判定不能,,
"al.,2014","intervention funcion,",,判定不能,,
"al.,2014",（PCS）,,判定不能,,
"al.,2015",management muscle,,判定不能,,
"al.,2015",,,判定不能,,
"al.,2015",-free,,判定不能,,
"al.,2015",,,判定不能,,
"al.,2015",function,,判定不能,,
"al.,2016",data,,判定不能,,
"al.,2016",,,判定不能,,
"al.,2016",intervention circumferen,,判定不能,,
"al.,2016",status,,判定不能,,
"al.,2016","activity, dietary",,判定不能,,
"al.,2016",,,判定不能,,
"al.,2016","（CPET,",,判定不能,,
"al.,2016",based outcomes,,判定不能,,
"al.,2017",,,判定不能,,
"al.,2017",度,,判定不能,,
"al.,2017","activity,",,判定不能,,
"al.,2017",nary,,判定不能,,
"al.,2017",social,,判定不能,,
"al.,2017","activity, moitvational",,判定不能,,
"al.,2017",related,,判定不能,,
"al.,2017",engagement,,判定不能,,
"al.,2017",,,判定不能,,
"al.,2017",composition,,判定不能,,
"al.,2017",,,判定不能,,
"al.,2017",variables,,判定不能,,
"al.,2017",activity,,判定不能,,
"al.,2017",（Pittsburgh,,判定不能,,
"al.,2017",ric,,判定不能,,
"al.,2017",nutrition,,判定不能,,
"al.,2017","outcomes,",,判定不能,,
"al.,2017",based group r,,判定不能,,
"al.,2017",,,判定不能,,
"al.,2017","track activity,",,判定不能,,
"al.,2018",pain,,判定不能,,
"al.,2018",anxiety,,判定不能,,
"al.,2018",muscle,,判定不能,,
"al.,2018","rehabilitation activity, physical",,判定不能,,
"al.,2018",,,判定不能,,
"al.,2018",Outcome,,判定不能,,
"al.,2018",C-peptide,,判定不能,,
"al.,2018",Outcome,,判定不能,,
"al.,2018",,,判定不能,,
"al.,2018",compression,,判定不能,,
"al.,2018",ical,,判定不能,,
"al.,2018",physical extremity,,判定不能,,
"al.,2018",instruction psychologica,,判定不能,,
"al.,2019","anxiety,",,判定不能,,
"al.,2019",exercise,,判定不能,,
"al.,2019",function,,判定不能,,
"al.,2019","function,",,判定不能,,
"al.,2019",atory,,判定不能,,
"al.,2019",and nutrition,,判定不能,,
"al.,2019","status,",,判定不能,,
"al.,2019",function,,判定不能,,
"al.,2019",strength,,判定不能,,
"al.,2019","standardized ric,",,判定不能,,
"al.,2019",outcome,,判定不能,,
"et al., 2011",frequency,,判定不能,,
"et al., 2013",QOL・,,判定不能,,
"et al., 2013",in the repetition,,判定不能,,
"et al., 2014",related,,判定不能,,
"et al., 2016",muscle,,判定不能,,
"et al., 2016",composition,,判定不能,,
"et al., 2018",,,判定不能,,
"et al., 2018",,,判定不能,,
"et al., 2018",,,判定不能,,
"et al.,2012",program of density,,判定不能,,
"et al.,2012",and,,判定不能,,
"et al.,2014",care density,,判定不能,,
"et al.,2018",activity,,判定不能,,
"et al.,2018",syndrome,,判定不能,,
"et al.,2018","vigor,",,判定不能,,
"lymphedema,",RM,,判定不能,,
"ndomised,",Fatigue（FAC,,判定不能,,
trolled,were asked B），倦怠感,,判定不能,,
